Source,Target,Weight,Type
465,491,2.0712,Undirected
221,242,1.5910,Undirected
767,4486,4.4219,Undirected
459241,2509,1.7114,Undirected
923,13257,1.2816,Undirected
2592,5878,2.1661,Undirected
221,244,1.6955,Undirected
1452,18845,2.2197,Undirected
48,923,3.2721,Undirected
145,523,1.6336,Undirected
27,2969,1.3811,Undirected
498,724,1.2268,Undirected
48,523,1.4278,Undirected
236,1601,1.3596,Undirected
49,60,1.2906,Undirected
236,55840,1.0374,Undirected
2467,7710,4.7534,Undirected
39,724,5.7755,Undirected
188,7024,1.6736,Undirected
4486,18845,2.0190,Undirected
422,498,4.8454,Undirected
915,2418,3.4487,Undirected
184,18845,2.3962,Undirected
26,48,2.4283,Undirected
94,1601,1.0836,Undirected
26,1237,51.0712,Undirected
392,803,2.3125,Undirected
885,6223,4.8552,Undirected
106,7024,1.3094,Undirected
922,951,2.4091,Undirected
2869,9246,1.4660,Undirected
400,402,1.2824,Undirected
1237,7710,2.6754,Undirected
7725,16742,2.4047,Undirected
671,797,3.7077,Undirected
26,7710,1.2656,Undirected
724,3490,4.2320,Undirected
671,687,3.0030,Undirected
922,7024,2.3997,Undirected
803,814,7.7908,Undirected
671,685,1.5105,Undirected
188,7125,2.6454,Undirected
10679,145209,1.7639,Undirected
1601,6223,1.2760,Undirected
6908,25116,1.8120,Undirected
813,814,3.5534,Undirected
128,724,6.5500,Undirected
1446,2853,3.7476,Undirected
422,13923,1.5276,Undirected
184,797,14.5181,Undirected
128,951,2.3960,Undirected
9846,18845,4.6011,Undirected
48,2738,2.6904,Undirected
38,859,2.3755,Undirected
60,922,1.9806,Undirected
922,638520,1.0106,Undirected
797,385234,1.4221,Undirected
696,2418,4.2969,Undirected
188,767,5.0276,Undirected
140,656,1.7208,Undirected
1003,1609,3.6557,Undirected
48,72,3.5451,Undirected
767,977,1.3395,Undirected
7024,10453,1.0000,Undirected
300,1237,1.2404,Undirected
12022,48636,1.3852,Undirected
300,724,1.1587,Undirected
422,4486,1.4820,Undirected
2008,26860,1.0641,Undirected
188,4486,2.1960,Undirected
767,18845,2.2010,Undirected
803,1200,2.2204,Undirected
188,915,2.5464,Undirected
261,1512,1.5071,Undirected
38,922,3.8642,Undirected
188,4195,2.5236,Undirected
11973,17733,1.0443,Undirected
184,671,4.1818,Undirected
73,922,2.2771,Undirected
9538,13258,1.2406,Undirected
47,25116,2.0149,Undirected
797,803,7.0373,Undirected
145,2513,2.5497,Undirected
977,727,1.4716,Undirected
184,814,1.0293,Undirected
1279,9846,1.0067,Undirected
2418,4486,1.1232,Undirected
7024,7125,1.7836,Undirected
803,11927,1.0145,Undirected
797,2575,6.3680,Undirected
922,3136,1.5421,Undirected
767,3499,2.5795,Undirected
48636,27305,1.0647,Undirected
392,42197,2.3339,Undirected
928,1555,1.6519,Undirected
184,7725,1.1170,Undirected
821,2509,4.0741,Undirected
1372,18845,5.4612,Undirected
546,548,1.9113,Undirected
8,4195,1.1484,Undirected
26,4486,2.7515,Undirected
422,1614,1.6671,Undirected
2418,6223,1.8144,Undirected
821,922,1.2096,Undirected
184,7125,4.4021,Undirected
803,2065,2.4051,Undirected
422,1380,12.9853,Undirected
1200,7709,3.6321,Undirected
803,815,2.5001,Undirected
155,9846,1.6811,Undirected
1290,2513,1.7912,Undirected
1601,3392,3.0921,Undirected
4486,5709,2.2157,Undirected
173,17825,1.0060,Undirected
8,813,1.8126,Undirected
128,928,1.1833,Undirected
39,2065,2.4584,Undirected
540,11150,1.5464,Undirected
221,1237,8.2307,Undirected
814,2592,1.4390,Undirected
5398,2513,4.1450,Undirected
1707,6416,1.2387,Undirected
261,767,2.5624,Undirected
184,3136,1.4411,Undirected
922,15674,2.3569,Undirected
859,7125,2.2256,Undirected
2553,9246,1.8941,Undirected
422,922,22.6004,Undirected
2524,6223,1.3956,Undirected
1512,45405,1.2222,Undirected
48,4523,1.3809,Undirected
128,1601,1.3037,Undirected
1419,406,1.4339,Undirected
1300,9538,1.2791,Undirected
1237,2418,12.2667,Undirected
49,1224548,1.3169,Undirected
128,221,8.1292,Undirected
137,724,1.0804,Undirected
49,5473,1.2587,Undirected
146,2008,2.9887,Undirected
2015,18623,1.4042,Undirected
188,1372,1.6961,Undirected
26,37,1.1201,Undirected
128,6223,1.0469,Undirected
48,18845,2.9845,Undirected
221,237,4.1249,Undirected
498,1736,1.8018,Undirected
184,724,9.5365,Undirected
392,816,1.6521,Undirected
1380,491,1.6135,Undirected
696,797,1.3865,Undirected
797,7710,1.0052,Undirected
47,3490,9.8660,Undirected
392,393,2.8007,Undirected
1372,7710,1.0024,Undirected
26,38,8.5349,Undirected
38,1237,2.6207,Undirected
392,7870,2.0094,Undirected
27,859,4.5737,Undirected
8,797,1.4191,Undirected
803,859,7.3708,Undirected
859,2969,1.4336,Undirected
26,47,6.9159,Undirected
922,994,1.2953,Undirected
922,933,1.6604,Undirected
797,7024,1.2905,Undirected
814,902,1.0749,Undirected
48,7710,1.1609,Undirected
148,17825,1.1756,Undirected
48,1432,1.3678,Undirected
188,9246,1.7186,Undirected
184,859,6.4427,Undirected
402,9846,1.4101,Undirected
392,7125,1.5943,Undirected
49,2738,2.5717,Undirected
1609,1000,1.0570,Undirected
422,2009,6.8356,Undirected
767,1237,17.3006,Undirected
724,922,15.9393,Undirected
859,4730,1.0532,Undirected
449,2009,1.6463,Undirected
523,9846,1.0384,Undirected
491,4252,1.0752,Undirected
922,928,2.2623,Undirected
2418,7024,1.6320,Undirected
261,2418,2.2936,Undirected
1094,1601,1.1216,Undirected
26,3490,3.1072,Undirected
261,797,10.2531,Undirected
4808,18845,1.4374,Undirected
821,3723,8.3949,Undirected
221,803,15.0166,Undirected
859,4986,1.0062,Undirected
422,491,11.7398,Undirected
26,261,5.7725,Undirected
49837,92517,2.9493,Undirected
10679,46271,2.1695,Undirected
2575,4486,1.9158,Undirected
922,2969,1.4445,Undirected
26,13257,3.0646,Undirected
2482,4252,1.7670,Undirected
173,7710,1.1933,Undirected
188,803,5.5310,Undirected
4486,385234,1.4177,Undirected
1512,4524,1.8167,Undirected
65733,55840,1.0100,Undirected
39,29575,1.0797,Undirected
145,7710,1.5943,Undirected
221,248,9.3996,Undirected
128,2418,8.2811,Undirected
1555,3301,1.4310,Undirected
8,767,1.5532,Undirected
799,801,3.3156,Undirected
60,62,1.6136,Undirected
60,2298,1.1926,Undirected
4714,4917,1.2852,Undirected
1237,491,1.0666,Undirected
797,5878,2.7708,Undirected
1200,1237,1.2230,Undirected
803,915,5.7676,Undirected
221,4486,2.4019,Undirected
922,9846,1.0770,Undirected
1007,6223,1.3681,Undirected
1200,7125,1.0199,Undirected
922,1372,6.9468,Undirected
26,55840,1.8277,Undirected
103213,5398,1.0646,Undirected
803,3723,1.0888,Undirected
38,55840,1.6476,Undirected
422,1237,6.4844,Undirected
27,39,2.9895,Undirected
38,491,1.0865,Undirected
422,2345,2.0824,Undirected
2467,18845,1.4276,Undirected
188,696,4.5264,Undirected
821,22760,3.4195,Undirected
3490,3492,1.9531,Undirected
221,3279,1.1114,Undirected
1241,1609,1.0207,Undirected
5709,7125,1.3640,Undirected
7710,18845,4.5381,Undirected
988,1372,3.9500,Undirected
922,2277,1.0139,Undirected
797,922,23.9058,Undirected
797,1439,1.3893,Undirected
2738,14084,1.1403,Undirected
184,208,1.3351,Undirected
1432,9336,1.3134,Undirected
248,1237,2.2391,Undirected
128,2592,1.2733,Undirected
128,15588,1.9391,Undirected
767,797,8.8434,Undirected
803,61251,1.1444,Undirected
48,128,1.0371,Undirected
189,537,1.0879,Undirected
47,7292,1.4117,Undirected
103213,17733,8.7192,Undirected
399,11199,1.0619,Undirected
803,951,1.5016,Undirected
3136,12135,2.5567,Undirected
38,2969,2.9739,Undirected
128,1237,42.8277,Undirected
10679,85718,2.1406,Undirected
184,4486,9.0149,Undirected
922,3398,1.3919,Undirected
933,994,1.7498,Undirected
803,821,4.0152,Undirected
51360,92517,1.7744,Undirected
94,15674,2.0335,Undirected
7725,61835,1.9537,Undirected
797,18845,1.7129,Undirected
1386,3051,1.3995,Undirected
128,1446,2.6290,Undirected
41608,939074,1.1849,Undirected
803,18845,2.2600,Undirected
2509,3723,3.9014,Undirected
724,748,1.6011,Undirected
8,803,4.2598,Undirected
26,951,1.0098,Undirected
128,1372,5.8561,Undirected
146,1290,1.6185,Undirected
6556,56908,2.3766,Undirected
802,4486,3.8459,Undirected
671,2418,7.3176,Undirected
498,491,1.7678,Undirected
696,2592,1.0367,Undirected
188,2418,4.2877,Undirected
94,7709,3.8200,Undirected
128,18845,1.7600,Undirected
48,498,4.4130,Undirected
184,2065,4.4012,Undirected
39,3637,2.2293,Undirected
392,2795,3.9746,Undirected
1008,7709,2.0499,Undirected
8,696,1.9988,Undirected
928,1237,1.2031,Undirected
49,5709,1.3086,Undirected
48,1237,2.4803,Undirected
1446,7870,1.0840,Undirected
1601,2731,1.2638,Undirected
977,7024,1.0431,Undirected
898,5878,1.0612,Undirected
915,1386,1.5500,Undirected
15869,1000,1.4764,Undirected
796,4486,2.5606,Undirected
221,922,16.9937,Undirected
859,1200,2.0068,Undirected
1003,1000,2.5107,Undirected
951,2418,1.5378,Undirected
26,671,11.4108,Undirected
814,7024,2.0742,Undirected
1695,15869,1.3225,Undirected
32,6416,2.4304,Undirected
1335,4974,1.9657,Undirected
523,524,1.2269,Undirected
803,7710,1.7079,Undirected
422,1200,1.1554,Undirected
26,2277,1.3100,Undirected
994,9246,1.3440,Undirected
189,535,1.4587,Undirected
221,767,7.2402,Undirected
1237,1601,1.7742,Undirected
184,1200,1.0642,Undirected
128,5878,1.3051,Undirected
49,1237,1.0286,Undirected
928,994,4.2967,Undirected
922,1003,4.6639,Undirected
498,518,1.7840,Undirected
3773,7888,1.5070,Undirected
392,15918,3.2476,Undirected
797,898,1.0422,Undirected
829,15918,1.3508,Undirected
72,922,1.3961,Undirected
38,45,1.1975,Undirected
422,451,1.5768,Undirected
38,724,5.9525,Undirected
26,221,3.9627,Undirected
498,523,4.2867,Undirected
5878,10422,2.1921,Undirected
161,221,2.4576,Undirected
49837,61251,2.8741,Undirected
47,922,4.7410,Undirected
73,1372,1.9547,Undirected
696,9246,1.0893,Undirected
392,1237,1.6720,Undirected
188,2858,1.3904,Undirected
422,2606,1.0220,Undirected
184,928,2.2213,Undirected
128,859,4.2925,Undirected
922,3392,1.7464,Undirected
2238,2349,1.0337,Undirected
221,806,1.0651,Undirected
49905,25806,3.2904,Undirected
2738,18845,1.7744,Undirected
922,2009,1.3607,Undirected
248,803,1.3175,Undirected
399,767,2.1092,Undirected
4486,5878,1.1181,Undirected
465,1380,1.9806,Undirected
803,1372,3.4089,Undirected
724,801,1.1691,Undirected
184,915,1.3662,Undirected
184,248,1.8097,Undirected
498,7710,2.2782,Undirected
724,797,7.0413,Undirected
696,7024,4.6686,Undirected
813,1696,3.6204,Undirected
184,802,1.2149,Undirected
422,5709,1.2137,Undirected
1707,12908,1.2459,Undirected
928,4032,1.0295,Undirected
1290,5398,1.7708,Undirected
188,1200,1.2947,Undirected
50,4758,4.3569,Undirected
73,1336,4.2813,Undirected
1512,9846,2.5800,Undirected
7709,15674,2.5263,Undirected
39,221,1.7532,Undirected
221,696,1.5761,Undirected
85718,23735,2.2445,Undirected
523,491,1.0632,Undirected
814,6728,1.1211,Undirected
2435,10875,1.3025,Undirected
922,977,2.0472,Undirected
1085,16288,1.1439,Undirected
2238,2524,1.5308,Undirected
803,2418,6.8517,Undirected
153,9846,1.3227,Undirected
523,17733,2.0188,Undirected
60,511,1.3716,Undirected
803,1237,15.8902,Undirected
859,1237,6.2590,Undirected
748,6908,2.6238,Undirected
449,491,1.4498,Undirected
188,928,4.6497,Undirected
168121,44699,2.5547,Undirected
392,922,2.4333,Undirected
1279,17825,1.0079,Undirected
422,181022,1.9922,Undirected
48,23884,1.1271,Undirected
128,3524,1.1392,Undirected
128,5709,2.0968,Undirected
803,885,1.6567,Undirected
48,49,4.5895,Undirected
922,2418,6.3045,Undirected
261,9846,1.1519,Undirected
91380,30883,1.5837,Undirected
221,671,1.3315,Undirected
933,2869,3.9718,Undirected
261,262,1.5442,Undirected
1432,23884,1.1190,Undirected
188,248,1.1803,Undirected
4714,7024,1.2308,Undirected
1200,6223,1.9538,Undirected
803,806,4.0359,Undirected
5625,1000,1.0234,Undirected
236,65733,1.0140,Undirected
45,922,1.3221,Undirected
465,1185,2.0002,Undirected
128,922,49.9813,Undirected
523,7710,3.7573,Undirected
39,922,4.2530,Undirected
136,915,1.2545,Undirected
49,922,2.3076,Undirected
60,2435,1.0359,Undirected
244,803,1.0580,Undirected
928,934,1.0172,Undirected
38,184,1.5115,Undirected
859,7710,1.0229,Undirected
221,260,1.2129,Undirected
859,933,3.1699,Undirected
159,5398,1.7066,Undirected
146,3703,1.9002,Undirected
885,1007,1.0774,Undirected
8,915,1.4345,Undirected
2575,2592,6.3321,Undirected
1241,101626,1.7488,Undirected
523,2375,1.0451,Undirected
2345,4252,1.2806,Undirected
977,1237,5.0587,Undirected
18845,61835,1.0665,Undirected
8,128,1.6375,Undirected
2738,5412,2.5148,Undirected
261,1237,16.4796,Undirected
465,48636,1.3863,Undirected
60,498,1.5556,Undirected
988,3952,1.3657,Undirected
1609,491,1.9912,Undirected
523,922,3.1933,Undirected
928,933,3.9425,Undirected
724,1372,1.3282,Undirected
49,465,1.2600,Undirected
797,977,2.2795,Undirected
48,859,1.9021,Undirected
797,5709,1.7615,Undirected
859,1439,1.7525,Undirected
422,472,2.1936,Undirected
38,18845,1.1275,Undirected
8,4486,1.7099,Undirected
128,188,5.2862,Undirected
248,922,1.6540,Undirected
47,1237,1.6795,Undirected
184,2418,3.8480,Undirected
797,2015,1.1607,Undirected
1008,1200,1.5303,Undirected
128,1187,1.0439,Undirected
9538,13257,1.1049,Undirected
1372,599334,2.7891,Undirected
803,5960,1.4165,Undirected
3529,91380,1.6435,Undirected
221,7125,1.5608,Undirected
49,50,1.4936,Undirected
300,305,1.3017,Undirected
1198,4486,1.1523,Undirected
128,135,1.2098,Undirected
26,6416,3.3506,Undirected
696,915,2.2458,Undirected
39,9538,5.0322,Undirected
27,4524,1.1055,Undirected
813,922,1.0254,Undirected
422,984,1.1260,Undirected
984,9246,1.3952,Undirected
803,1696,2.2883,Undirected
928,9246,3.7387,Undirected
184,5878,1.2882,Undirected
26,188,1.1925,Undirected
546,1306,1.5156,Undirected
797,6276,1.4678,Undirected
2298,2435,1.5352,Undirected
498,511,1.9594,Undirected
94,13297,1.1258,Undirected
859,4524,1.2249,Undirected
261,803,1.1233,Undirected
821,2084,4.2620,Undirected
48,55,2.7955,Undirected
767,2065,1.3982,Undirected
803,807,1.6523,Undirected
12908,14554,1.1899,Undirected
50363,51625,1.1283,Undirected
465,2009,3.4573,Undirected
767,915,3.4859,Undirected
92517,61251,2.8495,Undirected
49,1380,3.4264,Undirected
146,422,1.1044,Undirected
2298,16496,1.3358,Undirected
435,4252,1.0656,Undirected
422,465,9.4631,Undirected
128,885,1.3545,Undirected
46271,23735,2.1928,Undirected
38,3490,2.0324,Undirected
60,422,1.7263,Undirected
449,4252,1.3579,Undirected
797,380315,1.6481,Undirected
885,3979,2.9853,Undirected
422,854,1.7265,Undirected
859,2606,3.5445,Undirected
392,958,2.0198,Undirected
4808,9521,1.0795,Undirected
188,797,2.1125,Undirected
922,1609,3.5387,Undirected
128,49837,1.7354,Undirected
48,465,4.0414,Undirected
994,13958,2.6644,Undirected
188,885,1.4793,Undirected
1736,17871,1.6030,Undirected
402,1512,2.0838,Undirected
13257,13258,3.1953,Undirected
2592,4486,3.3224,Undirected
101626,16153,1.7636,Undirected
1512,17825,1.1638,Undirected
801,802,1.5839,Undirected
428,4252,1.8113,Undirected
221,422,5.5786,Undirected
797,928,1.1574,Undirected
26,2969,2.3502,Undirected
1911,4486,2.0593,Undirected
422,767,2.8033,Undirected
1695,1000,1.5709,Undirected
977,2065,3.4671,Undirected
428,28871,1.3406,Undirected
422,859,5.3528,Undirected
39,1237,2.4031,Undirected
77,422,1.6314,Undirected
106,7125,2.6887,Undirected
511,523,1.7043,Undirected
7710,2513,2.9877,Undirected
184,1439,1.2611,Undirected
915,7125,1.1440,Undirected
511,103213,1.5367,Undirected
26,724,19.3828,Undirected
73,1237,1.3481,Undirected
48,77,1.1990,Undirected
4808,7725,3.5016,Undirected
4524,18845,5.0766,Undirected
49,2696,2.0533,Undirected
184,801,1.0208,Undirected
128,7024,1.6557,Undirected
465,1432,2.0874,Undirected
300,922,2.2165,Undirected
71918,49837,1.4907,Undirected
2065,491,1.0931,Undirected
271955,876818,8.8074,Undirected
130,816,1.9557,Undirected
1372,7725,3.0662,Undirected
161,21548,1.2785,Undirected
977,4486,2.8533,Undirected
5794,7709,1.1259,Undirected
26,5009,2.5130,Undirected
148,9846,2.4322,Undirected
2065,18845,4.5569,Undirected
724,803,8.3054,Undirected
201,4486,1.5212,Undirected
145,159,1.1577,Undirected
928,2869,1.2057,Undirected
392,397,1.3150,Undirected
184,977,1.7452,Undirected
922,2731,1.9856,Undirected
72,4523,1.3568,Undirected
922,988,1.4419,Undirected
128,767,18.7552,Undirected
984,1609,1.0040,Undirected
188,2065,1.0229,Undirected
928,4486,1.2483,Undirected
8,1237,1.4810,Undirected
26,803,7.8317,Undirected
859,4032,1.1540,Undirected
128,7125,4.9056,Undirected
392,2853,1.1183,Undirected
922,6223,3.1782,Undirected
37,422,3.0378,Undirected
523,532,1.3132,Undirected
909,3956,2.0489,Undirected
221,1200,1.9272,Undirected
922,1237,74.4304,Undirected
1237,3490,1.6055,Undirected
546,6908,1.0312,Undirected
26,922,37.1619,Undirected
2575,5878,2.0691,Undirected
4486,380315,1.6655,Undirected
26,923,1.3409,Undirected
128,1727,1.2707,Undirected
922,1007,1.4282,Undirected
922,9822,1.6432,Undirected
26,45,2.9972,Undirected
988,5282,1.0236,Undirected
696,767,2.7855,Undirected
1372,3183,1.9794,Undirected
99285,15918,1.0703,Undirected
26,7125,4.5649,Undirected
915,3051,2.7977,Undirected
696,803,3.1582,Undirected
72,523,2.0736,Undirected
922,1601,14.8947,Undirected
1601,60843,1.4190,Undirected
48,300,1.6108,Undirected
547,2575,1.6596,Undirected
26,696,1.0825,Undirected
47,724,10.3267,Undirected
1512,7710,1.6152,Undirected
49837,51360,1.9158,Undirected
43883,3956,1.7572,Undirected
47,4167,1.1382,Undirected
392,767,11.5492,Undirected
1241,16153,1.9963,Undirected
422,724,6.0250,Undirected
26,491,1.7510,Undirected
814,922,1.5184,Undirected
4808,61835,3.8691,Undirected
909,7860,1.2008,Undirected
803,4195,1.1285,Undirected
237,803,1.6382,Undirected
803,5709,1.1804,Undirected
803,928,1.7147,Undirected
173,422,1.4325,Undirected
392,18845,1.1280,Undirected
38,2277,2.4111,Undirected
458799,271955,8.8740,Undirected
184,1372,2.5662,Undirected
60,2738,3.4208,Undirected
422,18845,1.4630,Undirected
7710,9846,8.6151,Undirected
724,727,4.3422,Undirected
1696,4486,3.4682,Undirected
724,4486,5.6949,Undirected
1007,7709,2.3474,Undirected
449,465,1.3630,Undirected
27,1439,1.4798,Undirected
671,724,1.6856,Undirected
18521,51907,1.5928,Undirected
128,184,21.8490,Undirected
922,9246,2.2411,Undirected
923,1237,1.9042,Undirected
803,7125,2.0615,Undirected
128,814,1.1059,Undirected
5398,9846,1.1025,Undirected
344043,344044,1.1824,Undirected
696,1192,2.4791,Undirected
1230,3136,1.1389,Undirected
27,9538,1.9290,Undirected
671,686,1.2106,Undirected
2065,7024,1.0011,Undirected
1512,18845,5.8480,Undirected
221,635,1.1128,Undirected
547,2592,1.6686,Undirected
128,7710,1.2727,Undirected
130,393,1.0811,Undirected
48,73,3.5271,Undirected
392,11196,1.1443,Undirected
814,18845,1.1110,Undirected
449,8129,1.0482,Undirected
933,9246,3.8705,Undirected
922,6416,1.2482,Undirected
1237,9246,1.3138,Undirected
181022,28871,1.2675,Undirected
4917,7024,1.8914,Undirected
922,3429,3.1286,Undirected
38,5009,2.8725,Undirected
2065,3136,2.8624,Undirected
38,101626,1.7479,Undirected
188,813,1.1670,Undirected
671,7710,1.0869,Undirected
767,2418,4.3385,Undirected
3529,30883,1.8572,Undirected
422,9136,1.3163,Undirected
1283,16542,1.4245,Undirected
102481,734097,1.0104,Undirected
498,503,1.3791,Undirected
1601,3429,1.8221,Undirected
221,586,1.2642,Undirected
465,54123,1.1272,Undirected
38,16153,2.0034,Undirected
671,951,1.4523,Undirected
459241,2084,1.9705,Undirected
48,1380,3.0113,Undirected
128,2853,1.7827,Undirected
237,767,1.0581,Undirected
1432,2009,1.5364,Undirected
300,498,2.2739,Undirected
2418,15674,1.2032,Undirected
422,923,2.6074,Undirected
106,221,1.2777,Undirected
48,422,10.8652,Undirected
6416,17580,1.3376,Undirected
548,6908,1.0148,Undirected
1241,491,1.0847,Undirected
38,803,1.2979,Undirected
797,813,1.9531,Undirected
923,1003,1.1728,Undirected
3529,3956,1.6471,Undirected
4032,13958,1.0314,Undirected
2738,2798,1.2942,Undirected
1186,4954,1.0092,Undirected
803,808,2.1186,Undirected
261,18845,3.2932,Undirected
422,449,7.2595,Undirected
1380,4252,1.2973,Undirected
586,16288,2.2480,Undirected
422,1210,1.2468,Undirected
2084,22760,3.4146,Undirected
799,4486,1.7997,Undirected
797,951,1.1614,Undirected
12022,27305,1.1077,Undirected
48,922,5.9548,Undirected
797,802,2.7650,Undirected
38,39,5.0144,Undirected
422,428,4.0644,Undirected
145209,23735,1.7609,Undirected
767,922,17.9600,Undirected
797,859,4.0464,Undirected
128,392,9.4236,Undirected
146,5398,3.9046,Undirected
128,1200,1.6690,Undirected
2969,6416,1.8699,Undirected
16288,26327,1.0697,Undirected
2009,3703,2.4183,Undirected
767,3490,1.1058,Undirected
498,17733,1.6570,Undirected
26,498,1.1521,Undirected
106,1302,2.6901,Undirected
1241,2277,1.2551,Undirected
422,1609,2.9078,Undirected
221,21548,1.0572,Undirected
10091,11076,2.5024,Undirected
797,7125,5.2097,Undirected
1372,16794,1.0397,Undirected
801,922,1.3436,Undirected
1003,1601,2.0124,Undirected
392,43884,1.1945,Undirected
47,859,1.2259,Undirected
26,2074,1.4626,Undirected
184,951,1.1990,Undirected
37,491,2.9507,Undirected
892,4060,1.0048,Undirected
803,11150,1.4154,Undirected
801,1237,1.1488,Undirected
1063,9846,1.5444,Undirected
994,4032,1.0413,Undirected
261,671,4.7607,Undirected
2592,5321,1.1169,Undirected
859,928,8.9744,Undirected
422,28871,1.6159,Undirected
146,3216,1.2102,Undirected
1439,2606,1.5928,Undirected
46271,145209,1.7454,Undirected
344044,344045,1.1782,Undirected
2065,19870,1.3162,Undirected
128,671,4.1461,Undirected
261,4524,1.2014,Undirected
859,9538,1.9925,Undirected
671,803,2.7765,Undirected
797,1483,1.1624,Undirected
2524,15674,1.7974,Undirected
4524,5009,1.9216,Undirected
49,77,1.1794,Undirected
9336,23884,1.1294,Undirected
547,2169,1.5095,Undirected
188,933,1.7244,Undirected
221,2827,1.8476,Undirected
696,10453,1.0149,Undirected
2084,3723,4.3663,Undirected
128,813,1.3017,Undirected
465,922,1.5560,Undirected
909,943,1.8255,Undirected
724,764,1.8088,Undirected
2524,13297,1.1300,Undirected
885,2418,3.0557,Undirected
458799,876818,9.0297,Undirected
422,803,8.4449,Undirected
221,254,1.5802,Undirected
32,2969,2.1317,Undirected
73,18845,1.4046,Undirected
55,72,2.9898,Undirected
767,1439,1.2134,Undirected
2169,2575,1.4911,Undirected
392,5346,1.9366,Undirected
724,977,2.8639,Undirected
696,1237,1.7608,Undirected
767,7024,2.0395,Undirected
128,261,5.6542,Undirected
48,449,1.5671,Undirected
797,801,1.9156,Undirected
73,3717,1.9186,Undirected
4252,26860,1.2371,Undirected
184,5709,1.0157,Undirected
26,859,7.4195,Undirected
797,4486,18.5402,Undirected
128,130,3.0398,Undirected
26,39,10.5660,Undirected
2575,18845,2.1040,Undirected
159,7710,1.4259,Undirected
184,2592,1.5750,Undirected
803,902,1.7817,Undirected
184,9246,1.3964,Undirected
1003,15869,1.6723,Undirected
1279,2467,1.0077,Undirected
922,1750,1.0905,Undirected
422,435,1.3152,Undirected
392,915,3.9329,Undirected
1380,5709,1.1173,Undirected
2008,854,1.1228,Undirected
128,133,1.6178,Undirected
922,9491,1.1098,Undirected
465,27305,1.0531,Undirected
1372,7125,1.9272,Undirected
767,7125,3.1604,Undirected
2969,5009,3.0542,Undirected
767,859,4.7751,Undirected
671,922,6.7019,Undirected
155,10882,1.0643,Undirected
184,1230,1.0238,Undirected
26,797,15.3813,Undirected
797,1166,3.1553,Undirected
48,1372,1.4637,Undirected
221,724,5.5016,Undirected
221,2065,3.7303,Undirected
27,2606,5.1326,Undirected
465,12022,1.8320,Undirected
106,922,1.5576,Undirected
221,1372,1.7431,Undirected
7710,17825,1.9995,Undirected
6416,12908,1.4277,Undirected
422,1283,1.2782,Undirected
48,803,1.1629,Undirected
94,2524,3.2300,Undirected
221,928,1.1570,Undirected
659,2418,1.3505,Undirected
136,15588,1.0642,Undirected
2482,491,1.0810,Undirected
49,78,1.1571,Undirected
6223,7709,1.8753,Undirected
671,933,1.4346,Undirected
392,8516,1.0599,Undirected
128,915,9.0623,Undirected
221,797,2.8969,Undirected
3703,1283,2.4068,Undirected
71918,61251,1.3470,Undirected
671,1372,1.5809,Undirected
803,620285,1.7999,Undirected
184,696,3.4682,Undirected
184,767,17.8224,Undirected
2575,5321,1.5035,Undirected
915,1372,3.7224,Undirected
1185,854,3.2474,Undirected
94,2238,1.3546,Undirected
803,6728,1.2457,Undirected
859,923,1.7559,Undirected
6528,445280,2.9698,Undirected
236,108301,1.0048,Undirected
46,1452,2.4638,Undirected
261,400,1.0430,Undirected
60,1237,1.2136,Undirected
48,9336,1.3190,Undirected
922,7710,4.4107,Undirected
803,5178,2.4027,Undirected
422,3703,2.1664,Undirected
988,3051,1.0616,Undirected
696,859,1.7395,Undirected
1230,2065,1.6334,Undirected
146,2009,2.9771,Undirected
26,32,1.6188,Undirected
1200,15674,6.1095,Undirected
523,103213,1.4340,Undirected
806,807,1.0410,Undirected
51360,61251,1.8056,Undirected
814,4486,1.2674,Undirected
2074,2969,1.0017,Undirected
188,221,3.3191,Undirected
128,696,3.4712,Undirected
1200,2524,2.6704,Undirected
128,2065,1.6058,Undirected
5398,17733,1.3074,Undirected
767,7710,1.6801,Undirected
1094,638520,1.1155,Undirected
49837,50363,1.1297,Undirected
94,859,1.2080,Undirected
3703,4252,1.3342,Undirected
2575,7560,1.3125,Undirected
696,928,1.5988,Undirected
237,821,1.3348,Undirected
106,767,2.1965,Undirected
1609,2621,1.5660,Undirected
813,4486,5.2823,Undirected
724,2418,1.3091,Undirected
38,2606,1.0590,Undirected
922,3490,3.2818,Undirected
724,7125,1.0844,Undirected
221,859,4.5067,Undirected
184,803,16.5167,Undirected
2524,7709,3.8710,Undirected
94,885,1.1704,Undirected
801,5709,1.1823,Undirected
1252,1512,1.2284,Undirected
39,47,3.2552,Undirected
39,6416,2.5636,Undirected
25806,63097,2.9368,Undirected
106,2418,1.1169,Undirected
261,922,8.3512,Undirected
922,7709,1.6688,Undirected
523,18845,1.8673,Undirected
923,18845,1.0729,Undirected
261,724,1.7354,Undirected
1237,2065,6.8234,Undirected
27,38,2.1677,Undirected
128,498,1.3929,Undirected
148,7710,2.9921,Undirected
859796,13257,2.0899,Undirected
128,1302,1.2539,Undirected
8,928,2.0208,Undirected
47,748,3.2215,Undirected
671,7125,4.7098,Undirected
922,491,4.6989,Undirected
106,128,3.2981,Undirected
8,922,1.9488,Undirected
859,13257,1.3609,Undirected
814,1192,1.2322,Undirected
106,803,3.0668,Undirected
128,4486,7.8706,Undirected
951,1237,2.9221,Undirected
2065,7710,1.0277,Undirected
422,4252,7.1704,Undirected
3956,30883,1.5847,Undirected
261,1372,3.0887,Undirected
221,226,3.4627,Undirected
2009,491,2.3015,Undirected
4808,20436,1.3003,Undirected
422,1241,1.9187,Undirected
45,47,1.1876,Undirected
3723,22760,3.4220,Undirected
26,128,19.0506,Undirected
942,943,1.2957,Undirected
498,803,1.6192,Undirected
1037,10225,1.0173,Undirected
1007,1200,1.6654,Undirected
803,4486,9.4337,Undirected
236,922,1.2658,Undirected
859,9246,4.2954,Undirected
26,18845,2.3244,Undirected
422,2482,2.8957,Undirected
859,491,1.5187,Undirected
535,537,1.0335,Undirected
48,5709,1.3661,Undirected
392,2132,1.3595,Undirected
498,103213,1.3024,Undirected
977,4524,2.0406,Undirected
422,168121,1.0563,Undirected
344043,344045,1.2391,Undirected
498,17871,2.0225,Undirected
909,43883,2.7599,Undirected
422,2065,1.4661,Undirected
6556,30010,1.7920,Undirected
422,1372,1.9235,Undirected
922,3457,2.1587,Undirected
48,491,2.2129,Undirected
26,9538,1.9697,Undirected
2592,18845,1.8234,Undirected
724,767,4.1601,Undirected
39,5009,1.4477,Undirected
60,73,1.2555,Undirected
156,2513,1.2710,Undirected
1302,445280,2.8943,Undirected
422,9246,1.3460,Undirected
7709,13297,1.2462,Undirected
458799,922,1.0099,Undirected
498,18845,1.5899,Undirected
7024,18845,1.2563,Undirected
3407,18845,1.2900,Undirected
1200,2418,2.7128,Undirected
696,4486,1.3815,Undirected
26,1372,2.8491,Undirected
1372,61835,8.1951,Undirected
696,4917,2.4540,Undirected
814,1414,1.3132,Undirected
814,2575,1.2066,Undirected
136,188,1.4600,Undirected
49,422,4.7131,Undirected
922,2592,1.6663,Undirected
38,221,1.3434,Undirected
1200,13297,1.0027,Undirected
26,184,21.2989,Undirected
685,687,1.2035,Undirected
671,915,1.3659,Undirected
1432,3703,1.2701,Undirected
2482,52321,1.4370,Undirected
392,399,5.6830,Undirected
1007,1008,2.0796,Undirected
1007,1601,1.3492,Undirected
1237,18845,5.9420,Undirected
724,859,5.8104,Undirected
221,7710,1.8316,Undirected
922,13257,1.2991,Undirected
1601,2621,2.4631,Undirected
1003,1695,1.7875,Undirected
801,4486,3.9628,Undirected
1601,1736,2.1005,Undirected
38,32,1.7234,Undirected
802,727,1.2778,Undirected
39,491,1.6193,Undirected
71918,92517,1.4386,Undirected
221,7024,1.2994,Undirected
859,994,4.3446,Undirected
977,18845,4.7489,Undirected
236,237,2.4423,Undirected
106,48550,1.2586,Undirected
767,1372,2.8028,Undirected
922,2065,6.7906,Undirected
859,18845,1.4109,Undirected
1512,2467,1.5980,Undirected
1233,9246,1.0436,Undirected
221,814,1.2531,Undirected
922,876818,1.0259,Undirected
859,2418,2.3544,Undirected
72,5398,1.3408,Undirected
128,422,7.3504,Undirected
928,2418,1.0552,Undirected
261,951,1.4914,Undirected
922,17871,1.5829,Undirected
797,2418,2.8288,Undirected
392,11199,1.3117,Undirected
50,87,2.9099,Undirected
803,813,7.6241,Undirected
2169,2592,1.5460,Undirected
49837,51625,1.4101,Undirected
38,47,4.9566,Undirected
184,189,1.2292,Undirected
797,1372,3.8323,Undirected
26,2418,9.1665,Undirected
724,9538,1.1201,Undirected
184,221,9.3265,Undirected
724,6908,1.4194,Undirected
696,7125,1.6483,Undirected
6671,15674,1.0330,Undirected
548,1306,1.3635,Undirected
71918,51360,1.3360,Undirected
1186,30347,1.5155,Undirected
47,422,1.7009,Undirected
928,13958,2.9809,Undirected
188,859,4.8304,Undirected
39,184,1.6619,Undirected
128,803,30.5775,Undirected
909,942,2.1164,Undirected
724,7710,1.3471,Undirected
8,188,3.8687,Undirected
422,7710,1.8758,Undirected
49,498,1.2354,Undirected
184,922,39.1860,Undirected
87,4758,2.9796,Undirected
77,465,1.3480,Undirected
915,1236,1.2275,Undirected
39,422,1.3071,Undirected
38,422,1.8266,Undirected
184,813,1.4872,Undirected
1372,2132,1.1253,Undirected
922,7585,1.2567,Undirected
1555,19258,1.3295,Undirected
188,1555,2.3870,Undirected
161,237,1.5553,Undirected
922,1094,1.2491,Undirected
300,892,1.4352,Undirected
803,804,1.9980,Undirected
922,923,3.9581,Undirected
1380,2009,1.5054,Undirected
1003,491,1.2002,Undirected
2969,4524,3.0197,Undirected
1237,4486,10.2887,Undirected
859,13958,3.7819,Undirected
1432,2008,1.8661,Undirected
922,18845,4.1671,Undirected
400,406,3.4050,Undirected
46271,85718,2.1090,Undirected
60,77,1.3214,Undirected
6416,9538,1.1826,Undirected
184,261,4.2853,Undirected
767,928,1.0968,Undirected
6223,15674,1.3454,Undirected
922,2621,5.8960,Undirected
922,974,1.4829,Undirected
1372,14640,1.4073,Undirected
4486,7024,1.2010,Undirected
49,255822,3.5392,Undirected
1063,1279,1.0270,Undirected
803,7024,1.5107,Undirected
422,26860,2.9990,Undirected
922,1380,1.1656,Undirected
2009,26860,1.2820,Undirected
885,922,2.7691,Undirected
130,392,3.5784,Undirected
1601,3457,1.2469,Undirected
1372,21327,1.1596,Undirected
27,724,2.6442,Undirected
498,1237,2.4781,Undirected
49,2345,1.3192,Undirected
797,1237,37.0119,Undirected
422,1185,4.0850,Undirected
188,671,1.3872,Undirected
184,209,1.8325,Undirected
696,922,2.8697,Undirected
511,17733,1.7886,Undirected
724,18845,3.1360,Undirected
885,7709,1.3049,Undirected
422,44699,1.2403,Undirected
441,1283,1.6464,Undirected
1237,15674,1.2741,Undirected
11873,23848,1.5072,Undirected
923,491,1.9202,Undirected
859,922,14.1455,Undirected
106,1237,1.8899,Undirected
797,1198,1.7659,Undirected
724,802,3.4694,Undirected
2606,9538,1.8156,Undirected
221,2418,2.6898,Undirected
148,2467,2.0087,Undirected
806,814,1.0490,Undirected
38,1241,3.1150,Undirected
977,7453,1.0940,Undirected
39,859,4.7158,Undirected
803,1302,2.7104,Undirected
173,9846,1.5569,Undirected
11150,15866,1.7629,Undirected
8,885,1.1804,Undirected
1302,6528,3.8571,Undirected
1003,2621,1.8848,Undirected
49,4758,2.1094,Undirected
300,2731,1.8267,Undirected
1601,2065,1.1161,Undirected
422,523,1.7751,Undirected
27,5009,1.8174,Undirected
128,136,4.1071,Undirected
188,922,4.4224,Undirected
39,128,1.1869,Undirected
803,1601,1.3470,Undirected
975,5273,1.0836,Undirected
1252,1009312,2.3427,Undirected
221,252,1.6850,Undirected
3105,6842,1.5300,Undirected
184,1237,41.2998,Undirected
128,131,1.8625,Undirected
5398,7710,4.0829,Undirected
261,1009312,1.4583,Undirected
13827,2513,1.0705,Undirected
2592,7024,1.1186,Undirected
159,2513,1.4084,Undirected
1007,15439,1.4656,Undirected
422,671,1.4593,Undirected
39,9246,2.2767,Undirected
797,3490,1.4135,Undirected
155,7710,2.1549,Undirected
47,548,1.0208,Undirected
915,922,2.8280,Undirected
923,2065,1.3101,Undirected
797,3705,2.2957,Undirected
806,821,1.6780,Undirected
859,1372,1.2633,Undirected
400,1512,1.5299,Undirected
39,31307,1.1489,Undirected
1185,2009,1.5147,Undirected
988,18845,1.5339,Undirected
8,2418,1.9508,Undirected
498,922,5.4627,Undirected
146,1432,1.2866,Undirected
155,2467,1.3550,Undirected
39,18845,1.0594,Undirected
459241,3723,1.9753,Undirected
26,27,3.9652,Undirected
863,915,1.3041,Undirected
523,531,3.2369,Undirected
885,1200,1.5291,Undirected
392,1372,3.2256,Undirected
422,2277,1.4157,Undirected
796,797,1.6196,Undirected
1372,4808,4.9467,Undirected
402,18845,2.0998,Undirected
2065,4486,1.8270,Undirected
2074,5009,1.3933,Undirected
392,394,1.3424,Undirected
184,392,1.1479,Undirected
1372,4524,1.1388,Undirected
73,422,1.0297,Undirected
491,2277,1.2069,Undirected
2592,6728,1.1112,Undirected
724,2065,2.1822,Undirected
1200,1601,1.3592,Undirected
922,1736,3.9426,Undirected
3474,7453,1.0119,Undirected
859,915,1.4117,Undirected
724,1237,10.6229,Undirected
8,184,2.1403,Undirected
128,816,1.3432,Undirected
21923,21928,2.8491,Undirected
94,922,1.8370,Undirected
461991,839277,1.0011,Undirected
261,392,1.0513,Undirected
802,977,1.9003,Undirected
136,803,1.0202,Undirected
27,3490,1.4946,Undirected
380315,385234,1.4136,Undirected
803,922,34.7852,Undirected
1555,1568,1.8848,Undirected
1063,17825,1.5174,Undirected
671,859,1.6121,Undirected
128,137,1.1237,Undirected
4195,7125,1.1059,Undirected
671,767,2.5357,Undirected
56908,30010,1.8268,Undirected
26,422,6.7374,Undirected
38,128,1.1769,Undirected
47599,23179,2.3587,Undirected
399,2795,1.1651,Undirected
55,4523,1.4260,Undirected
47,546,1.0537,Undirected
422,797,2.6137,Undirected
724,6416,1.7935,Undirected
922,5709,1.1592,Undirected
153,2467,1.1596,Undirected
933,16863,1.0059,Undirected
922,2606,1.2128,Undirected
392,1446,1.2976,Undirected
465,23884,1.1150,Undirected
977,2585,1.1036,Undirected
236,248,1.3746,Undirected
26,767,6.0598,Undirected
26,2065,3.3170,Undirected
38,6416,2.7976,Undirected
277,7725,1.0276,Undirected
7125,15674,1.6846,Undirected
1241,2606,1.2456,Undirected
797,1696,1.0661,Undirected
859,2065,2.3277,Undirected
37,449,1.2458,Undirected
922,4486,6.7920,Undirected
951,7125,4.2159,Undirected
1372,7655,1.8548,Undirected
3490,6908,1.4524,Undirected
428,181022,2.2496,Undirected
1237,1372,6.9557,Undirected
7125,18845,1.0117,Undirected
2418,7888,1.5974,Undirected
767,803,15.2024,Undirected
2467,17825,5.2701,Undirected
49905,63097,2.9571,Undirected
27,922,1.0968,Undirected
38,797,1.0685,Undirected
803,2592,2.0177,Undirected
3956,91380,6.3783,Undirected
2467,9846,9.2702,Undirected
261,977,1.9002,Undirected
814,821,1.0015,Undirected
1237,5709,1.4452,Undirected
915,988,1.1165,Undirected
988,5079,1.9323,Undirected
2418,7125,3.5830,Undirected
1237,7125,11.4277,Undirected
145209,85718,1.7640,Undirected
988,1589,1.0267,Undirected
696,885,1.2441,Undirected
1192,7024,1.878,1.7471,Undirected
130,829,1.2166,Undirected
221,3398,1.4211,Undirected
2575,6728,1.6972,Undirected
459241,22760,1.9798,Undirected
73,3105,1.2954,Undirected
9846,17825,5.1063,Undirected
6416,14554,1.1616,Undirected
797,1911,2.4952,Undirected
48,60,4.4713,Undirected
184,188,5.0430,Undirected
261,7125,7.7321,Undirected
47,6908,10.5191,Undirected
39,2606,2.1875,Undirected
37,922,1.2295,Undirected
26,2606,1.0502,Undirected
184,7024,2.4637,Undirected
1372,2418,1.3634,Undirected
128,3723,1.4197,Undirected
11150,15800,1.2074,Undirected
465,2008,2.8367,Undirected
39,23735,1.7617,Undirected
1063,2467,1.5632,Undirected
1237,7024,1.9382,Undirected
1185,2008,1.4710,Undirected
300,422,3.1142,Undirected
392,2473,1.2730,Undirected
813,2592,1.3840,Undirected
724,735,1.1527,Undirected
1601,7709,1.6502,Undirected
39,13257,2.8316,Undirected
10679,23735,2.3305,Undirected
724,747,1.7586,Undirected
3952,6514,1.7952,Undirected
922,7125,8.0661,Undirected
767,4195,1.1446,Undirected
3392,60843,1.4351,Undirected
1237,2592,1.2275,Undirected
1707,14554,1.2268,Undirected
237,806,1.8624,Undirected
859,1601,1.0263,Undirected
422,2008,3.6825,Undirected
39,797,2.2175,Undirected
4850,14730,1.2312,Undirected
2509,22760,3.0491,Undirected
2008,2009,6.2794,Undirected
2065,618152,1.0787,Undirected
2084,2509,3.8073,Undirected
599334,61835,1.0011,Undirected
20706,25413,1.6512,Undirected
922,1200,4.3365,Undirected
449,1380,1.8703,Undirected
393,15918,1.4505,Undirected
748,25116,1.3036,Undirected
184,422,3.8736,Undirected
797,2065,1.3376,Undirected
145,5398,1.5777,Undirected
106,184,1.7367,Undirected
32,5009,1.0387,Undirected
128,797,17.3926,Undirected
797,2592,6.1423,Undirected
859,4486,3.3320,Undirected
465,9336,1.3013,Undirected
39,803,1.1470,Undirected
45,724,1.3839,Undirected
221,236,4.3962,Undirected
39,13258,1.7460,Undirected
184,201,1.7286,Undirected
400,1252,1.2670,Undirected
94,6223,1.7716,Undirected
523,5398,1.7308,Undirected
221,1601,1.1940,Undirected
767,2170,2.1365,Undirected
221,915,1.0256,Undirected
146,2513,3.6362,Undirected
671,1237,15.0045,Undirected
27,47,2.4958,Undirected
2008,3703,2.1464,Undirected
128,977,1.0315,Undirected
146,7710,2.0852,Undirected
261,7710,1.2703,Undirected
696,1138,3.5815,Undirected
1233,2553,1.3488,Undirected
188,1237,3.6558,Undirected
39,45,1.2866,Undirected
48,724,1.7475,Undirected
94,1200,2.8252,Undirected
400,18845,1.2318,Undirected
767,1200,1.9780,Undirected
428,2482,1.6282,Undirected
459241,821,1.9741,Undirected
